perimeter,num_drones,v_nominal,v_max,sensing_radius,nominal_spacing,balancing_policy,density_threshold,speed_threshold,adaptation_window,failure_rate,num_failures,failure_distribution,initial_active,spare_trigger_ratio,spare_target_factor,neighbor_balance_factor,strike_fraction
100.0,20,1.0,2.0,6.0,5.0,0,0.85,1.8,10.0,0.50,0,0,20,0.90,1.2,1.0,0.05
100.0,20,1.0,2.0,6.0,5.0,5,0.85,1.8,10.0,0.50,0,0,20,0.90,1.3,1.0,0.05
500.0,500,1.0,2.0,8.0,5.0,0,0.85,1.8,10.0,0.50,0,0,500,0.90,1.2,1.0,0.024
500.0,500,1.0,2.0,8.0,5.0,5,0.85,1.8,10.0,0.50,0,0,500,0.90,1.3,1.0,0.024
8000.0,8000,1.0,2.0,8.0,4.0,1,0.85,1.8,10.0,0.50,0,0,8000,0.90,1.2,1.0,0.00625
8000.0,8000,1.0,2.0,8.0,4.0,5,0.85,1.8,10.0,0.50,0,0,8000,0.90,1.3,1.0,0.00625
24000.0,10000,1.0,2.0,6.0,3.0,1,0.85,1.8,10.0,0.50,0,0,10000,0.90,1.1,1.0,0.006
24000.0,10000,1.0,2.0,6.0,3.0,5,0.85,1.8,10.0,0.50,0,0,10000,0.90,1.5,1.0,0.006
